uid,ym,max_ev,avg_ev,hh_pct,sessions
20752,2021-04,46.5,40.8,38.1,2
20752,2021-05,52.9,39.2,19.0,15
20752,2021-06,50.9,40.2,5.9,9
20752,2021-07,73.5,40.4,2.2,9
20752,2021-08,49.5,39.9,0.0,6
20752,2021-09,52.3,42.6,0.0,8
20752,2021-10,53.7,43.7,0.0,7
20752,2021-11,53.1,43.3,15.1,11
20752,2021-12,52.2,42.2,11.9,10
20752,2022-01,54.0,43.5,24.3,9
20752,2022-02,54.7,44.1,29.5,8
20752,2022-03,56.2,46.6,31.5,8
20752,2022-04,54.9,44.9,15.9,8
20752,2022-05,56.8,44.7,12.0,17
20752,2022-06,56.3,47.8,26.2,4
20752,2022-07,56.6,46.7,32.5,2
20752,2022-08,56.9,47.8,33.3,4
20752,2022-09,59.4,50.2,33.3,12
20752,2022-10,62.1,49.4,15.3,23
20752,2022-11,60.0,48.1,7.0,13
20752,2022-12,60.5,49.8,4.7,12
20752,2023-01,61.0,49.2,15.1,16
20752,2023-02,59.8,48.0,9.6,9
20752,2023-03,63.3,50.8,14.4,19
20752,2023-04,59.8,51.0,3.3,12
20752,2023-05,60.8,50.7,5.6,12
20752,2023-06,63.6,51.1,10.9,6
20752,2023-07,62.6,52.4,18.1,7
20752,2023-08,64.6,54.0,19.7,9
20752,2023-09,62.3,53.5,17.3,8
20752,2023-10,64.6,53.7,16.9,10
20752,2023-11,65.6,52.0,11.6,9
20752,2023-12,68.7,54.2,11.1,13
20752,2024-01,68.8,55.3,19.3,8
20752,2024-02,67.0,56.4,16.8,4
20752,2024-03,61.8,52.3,0.0,3
20752,2024-04,63.7,51.1,1.3,5
20752,2024-05,65.7,51.4,1.5,9
20752,2024-07,66.4,55.9,8.8,6
20752,2024-08,69.3,57.3,28.9,8
20752,2024-09,67.1,58.4,24.4,3
20752,2024-10,68.4,57.5,14.3,7
20752,2024-11,68.2,54.2,8.8,6
20752,2024-12,67.2,51.4,3.3,4
20752,2025-01,72.6,60.3,34.9,13
20752,2025-02,73.8,62.6,30.4,9
20752,2025-03,73.1,61.4,26.9,8
20752,2025-04,72.1,62.3,20.8,16
20752,2025-05,74.4,59.6,14.9,20
20752,2025-06,75.4,61.8,25.5,16
20752,2025-07,74.3,62.6,20.2,7
20752,2025-08,73.3,64.2,29.8,10
20752,2025-09,74.3,63.1,18.7,7
20752,2025-10,71.8,59.2,16.1,4
20752,2025-11,72.1,58.4,6.3,5
20752,2025-12,73.9,60.1,22.5,9
20752,2026-01,76.7,65.0,35.1,7
20752,2026-02,75.7,64.1,26.1,6
20752,2026-03,83.4,67.8,30.2,15
20752,2026-04,82.2,67.3,10.4,8
20752,2026-05,81.3,68.6,12.3,6
20752,2026-06,79.4,66.7,9.6,5
20752,2026-07,78.7,68.2,14.1,9
20752,2026-08,82.5,70.5,28.5,16
20752,2026-09,81.5,70.1,22.0,6
22908,2021-05,47.8,36.3,24.9,7
22908,2021-06,49.6,36.5,6.8,7
22908,2021-07,45.7,35.6,3.8,2
22908,2021-08,47.8,39.0,15.3,3
22908,2021-09,50.9,39.1,23.0,4
22908,2021-10,49.9,37.3,12.0,3
22908,2021-11,46.7,33.9,0.0,4
22908,2021-12,49.4,38.3,8.5,4
22908,2022-01,45.3,35.4,0.0,3
22908,2022-02,46.6,36.1,0.0,4
22908,2022-03,51.8,39.4,11.7,4
22908,2022-04,50.2,41.0,11.7,8
22908,2022-05,52.0,40.2,15.1,13
22908,2022-06,51.2,43.5,20.0,2
22908,2022-07,51.4,43.0,30.0,2
22908,2022-08,55.3,46.9,38.3,2
22908,2022-09,55.9,47.0,25.0,9
22908,2022-10,54.9,46.6,18.0,13
22908,2022-11,56.8,46.1,13.3,6
22908,2022-12,55.7,45.7,8.9,12
22908,2023-01,53.1,44.8,6.4,9
22908,2023-02,53.2,44.5,3.6,4
22908,2023-03,52.6,43.0,3.7,8
22908,2023-04,51.3,41.9,14.8,6
22908,2023-05,52.6,45.3,25.5,4
22908,2023-06,57.6,45.0,26.8,4
22908,2023-07,53.9,45.1,1.8,4
22908,2023-08,54.0,42.2,2.9,7
22908,2023-09,54.8,48.1,10.0,4
22908,2023-10,54.0,45.0,4.5,6
22908,2023-11,59.4,46.4,9.2,9
22908,2023-12,71.7,47.2,11.2,9
22908,2024-01,52.0,44.7,0.0,3
22908,2024-02,55.3,50.4,0.0,1
22908,2024-05,56.1,50.5,0.0,1
22908,2024-07,57.5,48.8,0.0,3
22908,2024-08,57.5,50.2,0.0,1
22908,2024-09,57.0,49.9,0.0,1
22908,2024-10,60.1,51.0,0.0,4
22908,2024-11,59.8,50.4,0.0,6
22908,2024-12,56.7,45.8,0.0,3
22908,2025-01,63.9,52.7,33.2,9
22908,2025-02,64.4,56.6,39.0,7
22908,2025-03,60.8,53.9,16.7,2
22908,2025-04,59.5,53.2,1.0,7
22908,2025-05,66.2,53.9,23.8,6
22908,2025-06,65.8,55.4,22.2,3
22908,2025-07,65.2,55.1,19.0,5
22908,2025-08,67.3,54.9,19.4,3
22908,2025-09,64.2,53.5,9.8,2
22908,2025-11,63.5,55.5,5.6,5
22908,2025-12,64.9,56.3,18.7,6
22908,2026-01,65.9,57.2,18.5,6
22908,2026-02,64.1,55.9,16.7,2
22908,2026-03,70.9,59.7,30.3,10
22908,2026-04,71.9,61.0,24.0,8
22908,2026-05,71.2,61.2,32.2,5
22908,2026-06,73.1,59.3,13.3,3
22908,2026-07,71.6,58.0,7.7,2
38010,2024-03,58.5,48.6,16.7,3
38010,2024-04,62.3,46.3,13.1,6
38010,2024-05,59.6,49.5,6.9,6
38010,2024-07,58.9,47.5,4.5,6
38010,2024-08,63.3,52.2,24.8,6
38010,2024-09,62.8,52.2,30.8,7
38010,2024-10,66.0,53.4,35.6,3
38010,2024-11,67.5,53.9,22.3,4
38010,2024-12,67.0,57.8,38.8,4
38010,2025-01,63.7,53.2,5.5,5
38010,2025-02,69.4,56.3,13.5,5
38010,2025-03,70.1,56.7,13.7,6
38010,2025-04,69.4,58.0,22.4,8
38010,2025-05,68.7,59.1,27.6,5
38010,2025-06,67.6,58.1,21.2,5
38010,2025-07,70.0,58.0,22.6,4
38010,2025-08,69.0,58.6,17.8,6
38010,2025-09,68.8,57.6,16.0,5
38010,2025-10,64.4,54.4,1.7,4
38010,2025-11,68.8,58.7,16.0,5
38010,2025-12,66.1,57.6,6.7,2
38010,2026-01,69.6,58.3,21.4,9
38010,2026-02,69.4,61.0,36.0,5
38010,2026-03,69.4,58.8,23.0,6
38010,2026-04,74.5,63.3,42.2,6
38010,2026-05,73.0,60.6,13.6,2
38010,2026-06,70.8,61.7,18.0,4
38010,2026-07,75.2,59.6,8.8,5
38010,2026-08,73.8,60.1,12.1,7
41033,2024-09,39.5,31.4,40.4,2
41033,2025-02,47.0,38.0,38.7,4
41033,2025-03,43.7,36.9,1.3,3
41033,2025-04,48.0,38.4,15.7,4
41033,2025-05,46.8,35.9,2.9,9
41033,2025-06,46.9,37.5,15.0,7
41033,2025-07,49.3,38.6,18.3,7
41033,2025-08,51.3,40.4,19.5,8
41033,2025-09,55.1,43.1,22.1,9
41033,2025-10,55.3,43.6,12.0,9
41033,2025-11,53.9,43.2,5.9,7
41033,2025-12,51.3,41.1,1.4,7
41033,2026-01,52.4,40.5,3.4,9
41033,2026-02,54.1,43.0,11.3,8
41033,2026-03,52.0,42.4,7.3,8
41033,2026-04,56.2,43.1,25.0,8
41033,2026-05,59.5,44.0,19.2,7
41033,2026-06,62.2,47.3,16.8,8
41033,2026-07,58.2,46.4,7.5,7
41033,2026-08,58.2,48.1,2.9,7
41033,2026-09,56.0,45.7,0.0,7
41048,2024-11,51.7,39.7,7.9,3
41048,2024-12,50.2,37.6,6.9,2
41048,2025-01,51.6,38.0,12.8,6
41048,2025-02,52.6,43.2,27.5,3
41048,2025-03,56.7,40.4,23.1,1
41048,2025-04,58.2,44.9,40.0,1
41048,2025-05,57.7,49.9,28.8,2
41048,2025-07,61.0,49.9,23.8,3
41048,2025-08,62.0,48.7,10.7,5
41048,2025-09,66.4,51.9,17.8,3
41048,2025-10,60.9,48.2,0.0,5
41048,2025-11,59.7,49.7,0.0,4
41048,2025-12,65.9,52.1,8.4,4
41048,2026-01,68.3,55.8,27.5,4
41048,2026-02,69.5,55.1,15.1,7
41048,2026-03,63.1,51.4,0.0,3
41048,2026-04,67.8,57.1,20.0,2
41048,2026-05,77.5,61.1,41.3,2
41048,2026-06,75.6,57.8,20.0,2
41048,2026-07,75.6,61.4,8.9,3
41048,2026-08,69.9,54.9,0.0,2
41051,2024-11,62.2,51.7,42.3,2
41051,2024-12,66.2,50.5,16.5,7
41051,2025-01,65.6,52.7,21.6,8
41051,2025-02,64.7,54.4,19.4,6
41051,2025-03,67.4,54.5,26.6,4
41051,2025-04,66.8,51.8,10.7,3
41051,2025-11,72.2,60.9,40.4,6
41051,2025-12,72.1,61.6,31.3,4
41051,2026-01,72.7,62.6,39.4,9
41051,2026-02,72.7,65.4,53.5,7
41051,2026-03,73.8,64.0,37.2,6
41051,2026-04,74.0,63.4,25.8,5
41051,2026-05,74.8,64.0,20.0,5
41051,2026-06,71.9,65.5,33.3,1
41051,2026-07,76.4,64.9,38.9,7
41051,2026-08,75.5,65.5,36.0,7
41075,2025-02,52.6,40.9,42.3,2
41075,2025-03,53.7,40.1,11.1,3
41075,2025-04,49.5,42.6,11.1,1
41075,2025-10,59.9,45.1,28.7,3
41075,2025-11,57.7,45.4,17.5,2
41075,2026-01,55.8,39.9,3.3,2
41075,2026-02,59.0,41.6,11.4,3
41075,2026-03,64.2,51.4,42.4,3
41075,2026-04,65.5,51.6,25.8,2
41075,2026-05,65.5,57.7,32.8,3
41075,2026-06,62.8,52.0,35.7,1
41075,2026-07,64.5,51.2,35.7,1
41075,2026-08,63.5,53.0,24.4,3
41076,2025-03,44.1,30.0,21.8,11
41076,2025-04,37.3,28.8,0.0,6
41076,2025-05,36.0,29.0,0.0,3
41076,2025-06,44.9,29.1,2.9,5
41076,2025-07,39.4,30.7,0.0,7
41076,2025-08,41.6,30.8,1.4,7
41076,2025-09,40.8,32.3,0.0,6
41076,2025-10,43.8,33.2,12.5,8
41076,2025-11,41.9,33.0,9.5,5
41076,2025-12,42.5,36.4,20.3,3
41076,2026-01,44.2,33.3,7.5,5
41076,2026-02,42.6,33.0,14.3,5
41076,2026-03,45.1,35.2,10.4,7
41076,2026-04,56.6,35.4,9.7,6
41076,2026-05,47.5,34.7,0.0,7
41076,2026-06,44.1,34.9,0.0,5
41076,2026-07,52.7,37.1,3.6,7
41076,2026-08,58.6,38.6,9.8,7
41076,2026-09,44.8,39.1,0.0,6
41083,2025-04,65.3,56.6,33.3,1
41083,2025-05,69.2,56.2,28.6,7
41083,2025-06,69.3,59.7,40.0,1
41083,2025-07,72.6,63.0,57.1,1
41083,2025-08,70.9,56.3,13.3,4
41083,2025-09,70.6,57.3,10.0,10
41083,2025-10,73.8,58.6,15.0,4
41083,2025-11,67.4,55.0,0.0,6
41083,2025-12,66.8,53.7,0.0,8
41083,2026-01,73.1,53.1,3.6,6
41083,2026-02,65.9,50.6,0.0,4
41083,2026-03,73.6,58.2,10.5,4
41083,2026-04,76.0,60.8,15.2,4
41083,2026-05,74.4,61.0,22.3,4
41083,2026-08,76.9,56.3,15.6,6
41083,2026-09,74.2,59.3,11.8,6
41101,2025-06,46.0,33.2,24.6,5
41101,2025-07,48.5,38.0,27.4,8
41101,2025-08,48.4,39.1,14.5,8
41101,2025-09,46.1,38.4,7.5,9
41101,2025-10,48.4,38.9,17.6,8
41101,2025-11,46.8,38.5,15.9,7
41101,2025-12,49.1,38.6,16.7,8
41101,2026-01,48.6,38.4,7.4,8
41101,2026-02,45.9,35.0,4.3,6
41101,2026-03,66.3,40.0,6.3,23
41101,2026-04,51.2,40.4,0.0,7
41101,2026-05,52.6,41.3,0.0,7
41101,2026-06,56.2,46.0,38.1,5
41101,2026-07,55.6,44.6,19.9,5
41101,2026-08,58.3,43.5,9.8,6
41101,2026-09,57.3,43.4,3.2,7
41102,2025-06,42.6,30.9,16.2,6
41102,2025-07,43.0,34.1,34.5,4
41102,2025-08,48.9,37.0,16.7,7
41102,2025-09,48.8,39.0,12.7,9
41102,2025-10,51.5,39.5,24.9,8
41102,2025-11,50.1,39.7,5.9,5
41102,2025-12,49.8,39.9,4.6,7
41102,2026-01,55.2,42.7,29.4,7
41102,2026-02,55.3,43.7,23.4,6
41102,2026-03,55.0,44.6,14.1,7
41102,2026-04,55.8,40.8,7.7,8
41102,2026-05,57.7,47.1,22.8,8
41102,2026-06,56.7,46.3,22.1,5
41102,2026-07,57.9,46.9,24.4,7
41102,2026-08,59.1,47.4,23.4,7
41102,2026-09,57.8,48.3,15.8,6
41110,2025-06,43.1,31.9,25.9,6
41110,2025-07,46.0,30.8,12.6,10
41110,2025-12,43.2,29.2,12.5,1
41110,2026-01,45.4,33.1,14.7,5
41110,2026-02,44.5,31.7,6.7,3
41110,2026-03,41.2,32.7,0.0,4
41110,2026-04,42.6,34.2,5.9,6
41110,2026-05,39.6,33.4,0.0,5
41110,2026-06,40.9,30.2,0.0,4
41110,2026-07,43.5,32.6,4.8,3
41110,2026-08,43.1,32.6,11.7,2
41116,2025-06,42.3,34.7,76.2,2
41116,2025-07,44.7,32.5,11.7,3
41116,2025-08,40.0,29.3,0.0,3
41116,2025-09,43.7,32.7,4.8,3
41116,2025-10,46.9,35.6,15.0,5
41116,2025-11,44.7,35.5,9.0,4
41116,2025-12,42.8,36.0,0.0,2
41116,2026-01,48.9,37.5,27.5,3
41116,2026-02,51.0,38.6,17.3,4
41116,2026-03,71.4,48.4,33.3,3
41116,2026-04,43.4,32.7,0.0,1
41116,2026-05,48.9,39.3,0.0,2
41116,2026-06,51.1,37.5,0.0,3
41116,2026-07,51.5,35.1,0.0,3
41116,2026-08,51.7,38.3,0.0,3
41123,2025-06,70.2,58.8,33.3,1
41123,2025-08,72.3,60.1,34.7,4
41123,2025-09,72.7,60.7,32.2,4
41123,2025-10,71.4,57.5,15.6,4
41123,2025-11,72.6,59.2,31.7,2
41123,2025-12,72.0,58.3,27.0,3
41123,2026-01,72.8,60.5,21.0,4
41123,2026-02,72.9,63.4,46.1,3
41123,2026-03,73.6,60.2,25.3,4
41123,2026-05,76.5,64.8,32.1,4
41123,2026-06,75.9,63.9,34.2,3
41123,2026-07,74.3,61.6,20.8,4
41123,2026-08,75.0,63.7,33.3,2
41139,2025-07,30.2,25.6,57.1,1
41139,2025-08,35.6,29.0,25.7,5
41139,2025-09,35.6,28.3,33.3,2
41139,2025-10,38.6,29.0,13.8,5
41139,2025-11,41.7,33.4,24.6,9
41139,2025-12,40.1,32.3,7.7,5
41139,2026-02,46.8,33.4,16.6,12
41139,2026-03,43.8,33.4,1.0,8
41139,2026-04,46.0,34.1,2.1,4
41139,2026-05,44.1,35.3,3.2,10
41139,2026-06,45.6,35.3,12.2,8
41139,2026-07,45.3,37.5,21.2,10
41139,2026-08,68.9,40.2,19.0,6
41139,2026-09,44.6,36.9,0.0,6
41144,2025-07,42.9,35.3,35.1,4
41144,2025-08,41.8,35.0,30.6,2
41144,2025-09,42.2,36.6,29.9,2
41144,2025-10,50.1,37.3,22.1,3
41144,2025-11,47.4,39.1,6.7,3
41144,2025-12,46.5,36.4,11.1,1
41144,2026-01,46.4,34.2,9.1,1
41144,2026-02,47.4,41.5,20.8,2
41144,2026-03,49.6,36.0,7.3,3
41144,2026-05,49.1,38.8,10.0,2
41144,2026-06,49.4,37.1,14.3,3
41144,2026-07,52.6,45.0,47.8,2
41144,2026-08,69.6,45.4,30.9,3
41146,2025-08,41.5,32.9,7.7,4
41146,2025-09,40.2,32.4,9.3,5
41146,2025-10,42.4,32.4,15.3,4
41146,2026-01,39.7,30.5,1.6,8
41146,2026-02,42.5,31.9,8.0,6
41146,2026-03,40.4,32.1,10.2,5
41146,2026-04,42.7,33.3,11.3,8
41146,2026-05,43.5,31.7,23.8,6
41146,2026-06,46.2,34.2,8.2,9
41146,2026-07,47.5,35.5,12.2,8
41146,2026-08,45.4,36.9,14.6,2
41146,2026-09,47.1,35.9,16.6,7
41162,2026-01,52.5,43.2,14.3,5
41162,2026-02,52.5,42.4,4.4,7
41162,2026-03,54.6,41.4,12.3,4
41162,2026-04,49.1,42.9,0.0,2
41162,2026-07,55.8,47.9,40.2,4
41162,2026-08,56.4,46.4,33.9,2
41179,2026-04,60.8,44.9,7.1,5
41179,2026-05,56.0,46.9,0.0,2
41179,2026-06,62.1,43.2,6.4,5
41179,2026-07,57.3,43.6,2.8,4
41179,2026-08,59.9,43.7,2.6,3
41180,2026-04,48.3,39.1,30.4,7
41180,2026-05,52.9,42.7,23.8,8
41180,2026-06,54.8,43.5,13.9,10
41180,2026-07,54.5,43.8,19.4,7
41180,2026-08,51.5,42.9,10.5,6
41180,2026-09,55.2,47.1,27.8,6
41185,2026-05,78.9,66.5,43.3,2
41185,2026-07,80.0,71.2,46.7,2
41185,2026-08,81.5,65.6,46.8,3
41188,2026-06,58.1,47.4,25.2,7
41188,2026-07,56.5,46.4,12.1,4
41188,2026-08,59.5,42.5,6.8,6
41188,2026-09,58.9,45.1,12.6,4
41197,2026-07,57.9,43.9,23.8,2
41197,2026-08,57.9,40.4,20.3,2
